web-scraper-order,web-scraper-start-url,product_link,product_link-href,Name,Number_Reviews,Manufacturer,Price,Star_Rating,Review_Link,Review_Link_Href,Review_Count
1573497189-114,https://www.amazon.com/s?k=fao+schwarz&rh=p_89%3AF.A.O.+Schwarz%7CFAO+Schwarz&dc&page=5&fst=as%3Aoff&qid=1573496340&rnid=2528832011&ref=sr_pg_5,FAO Schwarz Big Top Playset,https://www.amazon.com/FAO-Schwarz-Big-Top-Playset/dp/B00BH0QQXM/ref=sr_1_206?fst=as%3Aoff&keywords=fao+schwarz&qid=1573496936&refinements=p_89%3AF.A.O.+Schwarz%7CFAO+Schwarz&rnid=2528832011&sr=8-206,FAO Schwarz Big Top Playset,2 ratings,FAO Schwarz,null,5.0 out of 5 stars,See all 2 customer reviews,https://www.amazon.com/FAO-Schwarz-Big-Top-Playset/product-reviews/B00BH0QQXM/ref=cm_cr_dp_d_show_all_btm?ie=UTF8&reviewerType=all_reviews,2
1580712881-38,https://www.amazon.com/s?k=mccain+foods&crid=1NWSH2KASS4HN&sprefix=mccain%2Caps%2C373&ref=nb_sb_ss_i_1_6,"McCain Poppers Breaded Cream Cheese Jalapeno Peppers - Appetizer, 4 Pound -- 2 per case.",https://www.amazon.com/McCain-Poppers-Breaded-Jalapeno-Peppers/dp/B073XZ8NGS/ref=sr_1_11?crid=1NWSH2KASS4HN&keywords=mccain+foods&qid=1580712734&sprefix=mccain%2Caps%2C373&sr=8-11,"McCain Poppers Breaded Cream Cheese Jalapeno Peppers - Appetizer, 4 Pound -- 2 per case.",1 rating,McCain,null,3.0 out of 5 stars,See all 1 customer reviews,https://www.amazon.com/McCain-Poppers-Breaded-Jalapeno-Peppers/product-reviews/B073XZ8NGS/ref=cm_cr_dp_d_show_all_btm?ie=UTF8&reviewerType=all_reviews,1
1580712750-3,https://www.amazon.com/s?k=mccain+foods&crid=1NWSH2KASS4HN&sprefix=mccain%2Caps%2C373&ref=nb_sb_ss_i_1_6,"McCain Crinkle Cut Potato Fry, 5 Pound -- 6 per case.",https://www.amazon.com/McCain-Crinkle-Cut-Potato-Pound/dp/B00B04BP6S/ref=sr_1_47?crid=1NWSH2KASS4HN&keywords=mccain+foods&qid=1580712734&sprefix=mccain%2Caps%2C373&sr=8-47,"McCain Crinkle Cut Potato Fry, 5 Pound -- 6 per case.",null,McCain,null,null,null,,0
1580712822-22,https://www.amazon.com/s?k=mccain+foods&crid=1NWSH2KASS4HN&sprefix=mccain%2Caps%2C373&ref=nb_sb_ss_i_1_6,"McCain Mozzaluna Breaded Mozzarella Cheese - Appetizer, 4 Pound -- 2 per case.",https://www.amazon.com/McCain-Mozzaluna-Breaded-Mozzarella-Cheese/dp/B00B04DKVG/ref=sr_1_28?crid=1NWSH2KASS4HN&keywords=mccain+foods&qid=1580712734&sprefix=mccain%2Caps%2C373&sr=8-28,"McCain Mozzaluna Breaded Mozzarella Cheese - Appetizer, 4 Pound -- 2 per case.",1 rating,McCain,null,5.0 out of 5 stars,See all 1 customer reviews,https://www.amazon.com/McCain-Mozzaluna-Breaded-Mozzarella-Cheese/product-reviews/B00B04DKVG/ref=cm_cr_dp_d_show_all_btm?ie=UTF8&reviewerType=all_reviews,1
1580712797-15,https://www.amazon.com/s?k=mccain+foods&crid=1NWSH2KASS4HN&sprefix=mccain%2Caps%2C373&ref=nb_sb_ss_i_1_6,"McCain Ore Ida Triangle Potato Patty, 2 Ounce -- 6 per case.",https://www.amazon.com/McCain-Triangle-Potato-Patty-Ounce/dp/B00B0431VK/ref=sr_1_35?crid=1NWSH2KASS4HN&keywords=mccain+foods&qid=1580712734&sprefix=mccain%2Caps%2C373&sr=8-35,"McCain Ore Ida Triangle Potato Patty, 2 Ounce -- 6 per case.",null,McCain,null,null,null,,0
1580712903-44,https://www.amazon.com/s?k=mccain+foods&crid=1NWSH2KASS4HN&sprefix=mccain%2Caps%2C373&ref=nb_sb_ss_i_1_6,"McCain Foods, Inc.; 92-3285  06/03/94",https://www.amazon.com/McCain-Foods-Inc-92-3285-06-ebook/dp/B00C12XA2U/ref=sr_1_5?crid=1NWSH2KASS4HN&keywords=mccain+foods&qid=1580712734&sprefix=mccain%2Caps%2C373&sr=8-5,Kindle Edition,null,null,null,null,null,,0
1580712765-7,https://www.amazon.com/s?k=mccain+foods&crid=1NWSH2KASS4HN&sprefix=mccain%2Caps%2C373&ref=nb_sb_ss_i_1_6,"McCain Brew City Beer Battered Zucchini Slice - Appetizer, 3 Pound -- 8 per case.",https://www.amazon.com/McCain-Brew-Battered-Zucchini-Slice/dp/B00B04C2JW/ref=sr_1_43?crid=1NWSH2KASS4HN&keywords=mccain+foods&qid=1580712734&sprefix=mccain%2Caps%2C373&sr=8-43,"McCain Brew City Beer Battered Zucchini Slice - Appetizer, 3 Pound -- 8 per case.",null,McCain,null,null,null,,0
1580712913-47,https://www.amazon.com/s?k=mccain+foods&crid=1NWSH2KASS4HN&sprefix=mccain%2Caps%2C373&ref=nb_sb_ss_i_1_6,"McCain Ore Ida Golden Potato Patty, 2.25 Ounce -- 120 per case.",https://www.amazon.com/McCain-Golden-Potato-Patty-Ounce/dp/B00B0445OW/ref=sr_1_2?crid=1NWSH2KASS4HN&keywords=mccain+foods&qid=1580712734&sprefix=mccain%2Caps%2C373&sr=8-2,"McCain Ore Ida Golden Potato Patty, 2.25 Ounce -- 120 per case.",3 ratings,McCain,null,5.0 out of 5 stars,See all 3 customer reviews,https://www.amazon.com/McCain-Golden-Potato-Patty-Ounce/product-reviews/B00B0445OW/ref=cm_cr_dp_d_show_all_btm?ie=UTF8&reviewerType=all_reviews,3
1580712812-19,https://www.amazon.com/s?k=mccain+foods&crid=1NWSH2KASS4HN&sprefix=mccain%2Caps%2C373&ref=nb_sb_ss_i_1_6,"McCain Moores Flour Flipt Flour Coated Onion Ring, 2.5 Pound -- 4 per case.",https://www.amazon.com/McCain-Moores-Flour-Flipt-Coated/dp/B00B04AD4I/ref=sr_1_31?crid=1NWSH2KASS4HN&keywords=mccain+foods&qid=1580712734&sprefix=mccain%2Caps%2C373&sr=8-31,"McCain Moores Flour Flipt Flour Coated Onion Ring, 2.5 Pound -- 4 per case.",null,McCain,null,null,null,,0
1580712769-8,https://www.amazon.com/s?k=mccain+foods&crid=1NWSH2KASS4HN&sprefix=mccain%2Caps%2C373&ref=nb_sb_ss_i_1_6,"Golden Crisp Breaded Mozzarella Cheese Sticks, 2 Pound -- 6 per case.",https://www.amazon.com/Golden-Breaded-Mozzarella-Cheese-Sticks/dp/B00E0SJH6Q/ref=sr_1_42?crid=1NWSH2KASS4HN&keywords=mccain+foods&qid=1580712734&sprefix=mccain%2Caps%2C373&sr=8-42,"Golden Crisp Breaded Mozzarella Cheese Sticks, 2 Pound -- 6 per case.",null,McCain,null,null,null,,0
1580712846-28,https://www.amazon.com/s?k=mccain+foods&crid=1NWSH2KASS4HN&sprefix=mccain%2Caps%2C373&ref=nb_sb_ss_i_1_6,"McCain Moores Onion Tangler, 2 Pound -- 6 per case.",https://www.amazon.com/McCain-Moores-Onion-Tangler-Pound/dp/B00B04C78I/ref=sr_1_22?crid=1NWSH2KASS4HN&keywords=mccain+foods&qid=1580712734&sprefix=mccain%2Caps%2C373&sr=8-22,"McCain Moores Onion Tangler, 2 Pound -- 6 per case.",null,McCain,null,null,null,,0
1580712834-25,https://www.amazon.com/s?k=mccain+foods&crid=1NWSH2KASS4HN&sprefix=mccain%2Caps%2C373&ref=nb_sb_ss_i_1_6,"McCain Redstone Canyon Seasoned Cross Trax Potato Fry - Appetizer, 4.5 Pound -- 6 per case.",https://www.amazon.com/McCain-Redstone-Canyon-Seasoned-Potato/dp/B073XZ35FQ/ref=sr_1_25?crid=1NWSH2KASS4HN&keywords=mccain+foods&qid=1580712734&sprefix=mccain%2Caps%2C373&sr=8-25,"McCain Redstone Canyon Seasoned Cross Trax Potato Fry - Appetizer, 4.5 Pound -- 6 per case.",null,McCain,null,null,null,,0
1580712801-16,https://www.amazon.com/s?k=mccain+foods&crid=1NWSH2KASS4HN&sprefix=mccain%2Caps%2C373&ref=nb_sb_ss_i_1_6,"McCain Provolone Garlic Butter Breaded Cheese Stick - Appetizer, 4 Pound -- 2 per case.",https://www.amazon.com/McCain-Provolone-Garlic-Butter-Breaded/dp/B00B04C102/ref=sr_1_34?crid=1NWSH2KASS4HN&keywords=mccain+foods&qid=1580712734&sprefix=mccain%2Caps%2C373&sr=8-34,"McCain Provolone Garlic Butter Breaded Cheese Stick - Appetizer, 4 Pound -- 2 per case.",null,McCain,null,null,null,,0
1580712808-18,https://www.amazon.com/s?k=mccain+foods&crid=1NWSH2KASS4HN&sprefix=mccain%2Caps%2C373&ref=nb_sb_ss_i_1_6,"McCain Golden Crisp Battered Halves Mushroom - Appetizer, 2 Pound -- 6 per case.",https://www.amazon.com/McCain-Golden-Battered-Halves-Mushroom/dp/B00B04CHYC/ref=sr_1_32?crid=1NWSH2KASS4HN&keywords=mccain+foods&qid=1580712734&sprefix=mccain%2Caps%2C373&sr=8-32,"McCain Golden Crisp Battered Halves Mushroom - Appetizer, 2 Pound -- 6 per case.",null,McCain,null,null,null,,0
1580712906-45,https://www.amazon.com/s?k=mccain+foods&crid=1NWSH2KASS4HN&sprefix=mccain%2Caps%2C373&ref=nb_sb_ss_i_1_6,"McCain Brew City Beer Battered Jalapeno Bottle Caps, 2.5 Pound -- 6 per case.",https://www.amazon.com/McCain-Battered-Jalapeno-Bottle-Pound/dp/B00B0456H2/ref=sr_1_4?crid=1NWSH2KASS4HN&keywords=mccain+foods&qid=1580712734&sprefix=mccain%2Caps%2C373&sr=8-4,"McCain Brew City Beer Battered Jalapeno Bottle Caps, 2.5 Pound -- 6 per case.",1 rating,McCain,null,5.0 out of 5 stars,See all 1 customer reviews,https://www.amazon.com/McCain-Battered-Jalapeno-Bottle-Pound/product-reviews/B00B0456H2/ref=cm_cr_dp_d_show_all_btm?ie=UTF8&reviewerType=all_reviews,1
1580712917-48,https://www.amazon.com/s?k=mccain+foods&crid=1NWSH2KASS4HN&sprefix=mccain%2Caps%2C373&ref=nb_sb_ss_i_1_6,"McCain Brew City Cheddar Cheese Curd Pint - Appetizer, 3 Pound -- 4 per case.",https://www.amazon.com/McCain-Brew-City-Cheddar-Cheese/dp/B00B04D7KU/ref=sr_1_1?crid=1NWSH2KASS4HN&keywords=mccain+foods&qid=1580712734&sprefix=mccain%2Caps%2C373&sr=8-1,"McCain Brew City Cheddar Cheese Curd Pint - Appetizer, 3 Pound -- 4 per case.",1 rating,McCain,null,5.0 out of 5 stars,See all 1 customer reviews,https://www.amazon.com/McCain-Brew-City-Cheddar-Cheese/product-reviews/B00B04D7KU/ref=cm_cr_dp_d_show_all_btm?ie=UTF8&reviewerType=all_reviews,1
1580712888-40,https://www.amazon.com/s?k=mccain+foods&crid=1NWSH2KASS4HN&sprefix=mccain%2Caps%2C373&ref=nb_sb_ss_i_1_6,"McCain Poppers Breaded Ovenable Cheddar Cheese Stuffed Jalapeno - Appetizer, 2 Pound -- 6 per case.",https://www.amazon.com/McCain-Poppers-Breaded-Ovenable-Jalapeno/dp/B073Y5CJGZ/ref=sr_1_9?crid=1NWSH2KASS4HN&keywords=mccain+foods&qid=1580712734&sprefix=mccain%2Caps%2C373&sr=8-9,"McCain Poppers Breaded Ovenable Cheddar Cheese Stuffed Jalapeno - Appetizer, 2 Pound -- 6 per case.",2 ratings,McCain,null,5.0 out of 5 stars,See all 2 customer reviews,https://www.amazon.com/McCain-Poppers-Breaded-Ovenable-Jalapeno/product-reviews/B073Y5CJGZ/ref=cm_cr_dp_d_show_all_btm?ie=UTF8&reviewerType=all_reviews,2
1580712843-27,https://www.amazon.com/s?k=mccain+foods&crid=1NWSH2KASS4HN&sprefix=mccain%2Caps%2C373&ref=nb_sb_ss_i_1_6,"McCain Poppers Breaded Red Hot Chile Cream Cheese Stuffed Jalapeno - Appetizer, 4 Pound -- 4 per case.",https://www.amazon.com/McCain-Poppers-Breaded-Stuffed-Jalapeno/dp/B073XZSR6Z/ref=sr_1_23?crid=1NWSH2KASS4HN&keywords=mccain+foods&qid=1580712734&sprefix=mccain%2Caps%2C373&sr=8-23,"McCain Poppers Breaded Red Hot Chile Cream Cheese Stuffed Jalapeno - Appetizer, 4 Pound -- 4 per case.",null,McCain,null,null,null,,0
1580712804-17,https://www.amazon.com/s?k=mccain+foods&crid=1NWSH2KASS4HN&sprefix=mccain%2Caps%2C373&ref=nb_sb_ss_i_1_6,"McCain Grabitizer Battered Cheese Stick, 2.5 Pound -- 4 per case.",https://www.amazon.com/McCain-Grabitizer-Battered-Cheese-Stick/dp/B00B04EFXS/ref=sr_1_33?crid=1NWSH2KASS4HN&keywords=mccain+foods&qid=1580712734&sprefix=mccain%2Caps%2C373&sr=8-33,"McCain Grabitizer Battered Cheese Stick, 2.5 Pound -- 4 per case.",1 rating,McCain,null,5.0 out of 5 stars,null,,0
1580712860-32,https://www.amazon.com/s?k=mccain+foods&crid=1NWSH2KASS4HN&sprefix=mccain%2Caps%2C373&ref=nb_sb_ss_i_1_6,"McCain Frips Fresh Style Round and Crinkle Cut Potato Fry, 4 Pound -- 6 per case.",https://www.amazon.com/McCain-Frips-Fresh-Crinkle-Potato/dp/B00B043O30/ref=sr_1_18?crid=1NWSH2KASS4HN&keywords=mccain+foods&qid=1580712734&sprefix=mccain%2Caps%2C373&sr=8-18,"McCain Frips Fresh Style Round and Crinkle Cut Potato Fry, 4 Pound -- 6 per case.",null,McCain,null,null,null,,0
1580712786-12,https://www.amazon.com/s?k=mccain+foods&crid=1NWSH2KASS4HN&sprefix=mccain%2Caps%2C373&ref=nb_sb_ss_i_1_6,"McCain Brew City Pub Style Onion Ring, 2.5 Pound -- 6 per case.",https://www.amazon.com/McCain-Brew-Style-Onion-Pound/dp/B00B04DPQG/ref=sr_1_38?crid=1NWSH2KASS4HN&keywords=mccain+foods&qid=1580712734&sprefix=mccain%2Caps%2C373&sr=8-38,"McCain Brew City Pub Style Onion Ring, 2.5 Pound -- 6 per case.",null,McCain,null,null,null,,0
1580712896-42,https://www.amazon.com/s?k=mccain+foods&crid=1NWSH2KASS4HN&sprefix=mccain%2Caps%2C373&ref=nb_sb_ss_i_1_6,"McCain Anchor Breaded Cheddar Cheese Cube - Appetizer, 3 Pound -- 6 per case.",https://www.amazon.com/McCain-Anchor-Breaded-Cheddar-Cheese/dp/B00B04BSWE/ref=sr_1_7?crid=1NWSH2KASS4HN&keywords=mccain+foods&qid=1580712734&sprefix=mccain%2Caps%2C373&sr=8-7,"McCain Anchor Breaded Cheddar Cheese Cube - Appetizer, 3 Pound -- 6 per case.",1 rating,McCain,null,5.0 out of 5 stars,See all 1 customer reviews,https://www.amazon.com/McCain-Anchor-Breaded-Cheddar-Cheese/product-reviews/B00B04BSWE/ref=cm_cr_dp_d_show_all_btm?ie=UTF8&reviewerType=all_reviews,1
1580712892-41,https://www.amazon.com/s?k=mccain+foods&crid=1NWSH2KASS4HN&sprefix=mccain%2Caps%2C373&ref=nb_sb_ss_i_1_6,"McCain Brew City Beer Battered Thin Cut French Fry, 5 Pound -- 6 per case.",https://www.amazon.com/McCain-Battered-French-Pound-case/dp/B00B04D5U2/ref=sr_1_8?crid=1NWSH2KASS4HN&keywords=mccain+foods&qid=1580712734&sprefix=mccain%2Caps%2C373&sr=8-8,"McCain Brew City Beer Battered Thin Cut French Fry, 5 Pound -- 6 per case.",null,McCain,null,null,null,,0
1580712819-21,https://www.amazon.com/s?k=mccain+foods&crid=1NWSH2KASS4HN&sprefix=mccain%2Caps%2C373&ref=nb_sb_ss_i_1_6,"McCain Golden Crisp Italian Breaded Mozzarella Cheese Stick - Appetizer, 2 Pound -- 6 per case.",https://www.amazon.com/McCain-Golden-Italian-Breaded-Mozzarella/dp/B073XZD5X7/ref=sr_1_29?crid=1NWSH2KASS4HN&keywords=mccain+foods&qid=1580712734&sprefix=mccain%2Caps%2C373&sr=8-29,"McCain Golden Crisp Italian Breaded Mozzarella Cheese Stick - Appetizer, 2 Pound -- 6 per case.",null,McCain,null,null,null,,0
1580712826-23,https://www.amazon.com/s?k=mccain+foods&crid=1NWSH2KASS4HN&sprefix=mccain%2Caps%2C373&ref=nb_sb_ss_i_1_6,"McCain Golden Crisp Fryersaver Battered Sweet Corn Nugget - Appetizer, 2 Pound -- 6 per case.",https://www.amazon.com/McCain-Golden-Fryersaver-Battered-Nugget/dp/B073XZ87CP/ref=sr_1_27?crid=1NWSH2KASS4HN&keywords=mccain+foods&qid=1580712734&sprefix=mccain%2Caps%2C373&sr=8-27,"McCain Golden Crisp Fryersaver Battered Sweet Corn Nugget - Appetizer, 2 Pound -- 6 per case.",3 ratings,McCain,null,2.4 out of 5 stars,See all 3 customer reviews,https://www.amazon.com/McCain-Golden-Fryersaver-Battered-Nugget/product-reviews/B073XZ87CP/ref=cm_cr_dp_d_show_all_btm?ie=UTF8&reviewerType=all_reviews,3
1580712839-26,https://www.amazon.com/s?k=mccain+foods&crid=1NWSH2KASS4HN&sprefix=mccain%2Caps%2C373&ref=nb_sb_ss_i_1_6,Family Traditional Favorites A Hug From Me to You,https://www.amazon.com/Family-Traditional-Favorites-Hug-You-ebook/dp/B07YN5KLXJ/ref=sr_1_24?crid=1NWSH2KASS4HN&keywords=mccain+foods&qid=1580712734&sprefix=mccain%2Caps%2C373&sr=8-24,Kindle Edition,9 ratings,null,null,5.0 out of 5 stars,See more recommendations,https://www.amazon.com/gp/profile/follow/recommendations/?ref_=dbs_p_ebk_r00_abau_000000,0
1580712874-36,https://www.amazon.com/s?k=mccain+foods&crid=1NWSH2KASS4HN&sprefix=mccain%2Caps%2C373&ref=nb_sb_ss_i_1_6,"Mccain Brew City Mac N Jack Brew Bites, 2 Pound -- 4 per case.",https://www.amazon.com/Mccain-Brew-City-Bites-Pound/dp/B00MJFOHE4/ref=sr_1_13?crid=1NWSH2KASS4HN&keywords=mccain+foods&qid=1580712734&sprefix=mccain%2Caps%2C373&sr=8-13,"Mccain Brew City Mac N Jack Brew Bites, 2 Pound -- 4 per case.",null,McCain,null,null,null,,0
1580712829-24,https://www.amazon.com/s?k=mccain+foods&crid=1NWSH2KASS4HN&sprefix=mccain%2Caps%2C373&ref=nb_sb_ss_i_1_6,"McCain Homestyle Babycakes Mini Potato Pancake, 3 Pound -- 6 per case.",https://www.amazon.com/McCain-Homestyle-Babycakes-Potato-Pancake/dp/B00B047WM4/ref=sr_1_26?crid=1NWSH2KASS4HN&keywords=mccain+foods&qid=1580712734&sprefix=mccain%2Caps%2C373&sr=8-26,"McCain Homestyle Babycakes Mini Potato Pancake, 3 Pound -- 6 per case.",null,McCain,null,null,null,,0
1580712746-2,https://www.amazon.com/s?k=mccain+foods&crid=1NWSH2KASS4HN&sprefix=mccain%2Caps%2C373&ref=nb_sb_ss_i_1_6,"McCain Brew City Beer Battered Black and Tan Onion Ring, 2 Pound -- 6 per case.",https://www.amazon.com/McCain-Battered-Black-Onion-Pound/dp/B00B04A4EM/ref=sr_1_48?crid=1NWSH2KASS4HN&keywords=mccain+foods&qid=1580712734&sprefix=mccain%2Caps%2C373&sr=8-48,"McCain Brew City Beer Battered Black and Tan Onion Ring, 2 Pound -- 6 per case.",null,McCain,null,null,null,,0
1580712910-46,https://www.amazon.com/s?k=mccain+foods&crid=1NWSH2KASS4HN&sprefix=mccain%2Caps%2C373&ref=nb_sb_ss_i_1_6,"McCain Ore Ida Smiles Fun Shaped Mashed Potato, 4 Pound -- 6 per case.",https://www.amazon.com/McCain-Smiles-Shaped-Mashed-Potato/dp/B00B0468T2/ref=sr_1_3?crid=1NWSH2KASS4HN&keywords=mccain+foods&qid=1580712734&sprefix=mccain%2Caps%2C373&sr=8-3,"McCain Ore Ida Smiles Fun Shaped Mashed Potato, 4 Pound -- 6 per case.",3 ratings,McCain,null,4.3 out of 5 stars,See all 3 customer reviews,https://www.amazon.com/McCain-Smiles-Shaped-Mashed-Potato/product-reviews/B00B0468T2/ref=cm_cr_dp_d_show_all_btm?ie=UTF8&reviewerType=all_reviews,3
1580712857-31,https://www.amazon.com/s?k=mccain+foods&crid=1NWSH2KASS4HN&sprefix=mccain%2Caps%2C373&ref=nb_sb_ss_i_1_6,"McCain Golden Crisp Fryersaver Battered Natural Onion Ring, 2.5 Pound -- 6 per case.",https://www.amazon.com/McCain-Golden-Fryersaver-Battered-Natural/dp/B00B04C0YE/ref=sr_1_19?crid=1NWSH2KASS4HN&keywords=mccain+foods&qid=1580712734&sprefix=mccain%2Caps%2C373&sr=8-19,"McCain Golden Crisp Fryersaver Battered Natural Onion Ring, 2.5 Pound -- 6 per case.",null,McCain,null,null,null,,0
1580712864-33,https://www.amazon.com/s?k=mccain+foods&crid=1NWSH2KASS4HN&sprefix=mccain%2Caps%2C373&ref=nb_sb_ss_i_1_6,"McCain Brew City Beer Battered Spicy Pub Pickle - Appetizer, 2.5 Pound -- 6 per case.",https://www.amazon.com/McCain-Brew-Battered-Spicy-Pickle/dp/B00B04C1TS/ref=sr_1_16?crid=1NWSH2KASS4HN&keywords=mccain+foods&qid=1580712734&sprefix=mccain%2Caps%2C373&sr=8-16,"McCain Brew City Beer Battered Spicy Pub Pickle - Appetizer, 2.5 Pound -- 6 per case.",1 rating,McCain,null,5.0 out of 5 stars,null,,0
1580712871-35,https://www.amazon.com/s?k=mccain+foods&crid=1NWSH2KASS4HN&sprefix=mccain%2Caps%2C373&ref=nb_sb_ss_i_1_6,"McCain Moores Battered Onion Straw, 2 Pound -- 9 per case.",https://www.amazon.com/McCain-Moores-Battered-Onion-Straw/dp/B00B04CBI4/ref=sr_1_14?crid=1NWSH2KASS4HN&keywords=mccain+foods&qid=1580712734&sprefix=mccain%2Caps%2C373&sr=8-14,"McCain Moores Battered Onion Straw, 2 Pound -- 9 per case.",null,McCain,null,null,null,,0
1580712884-39,https://www.amazon.com/s?k=mccain+foods&crid=1NWSH2KASS4HN&sprefix=mccain%2Caps%2C373&ref=nb_sb_ss_i_1_6,"McCain Golden Crisp Fryersaver Battered Zucchini Stick - Appetizer, 2 Pound -- 6 per case.",https://www.amazon.com/McCain-Golden-Fryersaver-Battered-Zucchini/dp/B073XZGCKB/ref=sr_1_10?crid=1NWSH2KASS4HN&keywords=mccain+foods&qid=1580712734&sprefix=mccain%2Caps%2C373&sr=8-10,"McCain Golden Crisp Fryersaver Battered Zucchini Stick - Appetizer, 2 Pound -- 6 per case.",1 rating,McCain,null,5.0 out of 5 stars,null,,0
1580712853-30,https://www.amazon.com/s?k=mccain+foods&crid=1NWSH2KASS4HN&sprefix=mccain%2Caps%2C373&ref=nb_sb_ss_i_1_6,"McCain Brew City Beer Battered King Onion Ring, 2.5lb - 4 per case.",https://www.amazon.com/McCain-Brew-Battered-Onion-2-5lb/dp/B00B048XV8/ref=sr_1_20?crid=1NWSH2KASS4HN&keywords=mccain+foods&qid=1580712734&sprefix=mccain%2Caps%2C373&sr=8-20,"McCain Brew City Beer Battered King Onion Ring, 2.5lb - 4 per case.",null,McCain,null,null,null,,0
1580712790-13,https://www.amazon.com/s?k=mccain+foods&crid=1NWSH2KASS4HN&sprefix=mccain%2Caps%2C373&ref=nb_sb_ss_i_1_6,"McCain Poppers Breaded Original Cheddar Cheese Stuffed Jalapeno - Appetizer, 3 Pound -- 4 per case.",https://www.amazon.com/McCain-Poppers-Breaded-Original-Jalapeno/dp/B073Y15B2P/ref=sr_1_37?crid=1NWSH2KASS4HN&keywords=mccain+foods&qid=1580712734&sprefix=mccain%2Caps%2C373&sr=8-37,"McCain Poppers Breaded Original Cheddar Cheese Stuffed Jalapeno - Appetizer, 3 Pound -- 4 per case.",null,McCain,null,null,null,,0
1580712776-10,https://www.amazon.com/s?k=mccain+foods&crid=1NWSH2KASS4HN&sprefix=mccain%2Caps%2C373&ref=nb_sb_ss_i_1_6,"McCain Route 66 Crinkled Cut Wedge Fry - Appetizer, 5 Pound -- 6 per case.",https://www.amazon.com/McCain-Route-Crinkled-Cut-Wedge/dp/B00B04DAPM/ref=sr_1_40?crid=1NWSH2KASS4HN&keywords=mccain+foods&qid=1580712734&sprefix=mccain%2Caps%2C373&sr=8-40,"McCain Route 66 Crinkled Cut Wedge Fry - Appetizer, 5 Pound -- 6 per case.",1 rating,McCain,null,5.0 out of 5 stars,See all 1 customer reviews,https://www.amazon.com/McCain-Route-Crinkled-Cut-Wedge/product-reviews/B00B04DAPM/ref=cm_cr_dp_d_show_all_btm?ie=UTF8&reviewerType=all_reviews,1
1580712757-5,https://www.amazon.com/s?k=mccain+foods&crid=1NWSH2KASS4HN&sprefix=mccain%2Caps%2C373&ref=nb_sb_ss_i_1_6,"McCain Redstone Canyon Seasoned Cube - Appetizer, 5 Pound -- 6 per case.",https://www.amazon.com/McCain-Redstone-Canyon-Seasoned-Cube/dp/B00B04D3MM/ref=sr_1_45?crid=1NWSH2KASS4HN&keywords=mccain+foods&qid=1580712734&sprefix=mccain%2Caps%2C373&sr=8-45,"McCain Redstone Canyon Seasoned Cube - Appetizer, 5 Pound -- 6 per case.",null,McCain,null,null,null,,0
1580712815-20,https://www.amazon.com/s?k=mccain+foods&crid=1NWSH2KASS4HN&sprefix=mccain%2Caps%2C373&ref=nb_sb_ss_i_1_6,"McCain Grabitizer Battered French Toast Stick, 2 Pound -- 5 per case.",https://www.amazon.com/McCain-Grabitizer-Battered-French-Toast/dp/B00B046I8I/ref=sr_1_30?crid=1NWSH2KASS4HN&keywords=mccain+foods&qid=1580712734&sprefix=mccain%2Caps%2C373&sr=8-30,"McCain Grabitizer Battered French Toast Stick, 2 Pound -- 5 per case.",null,McCain,null,null,null,,0
1580712794-14,https://www.amazon.com/s?k=mccain+foods&crid=1NWSH2KASS4HN&sprefix=mccain%2Caps%2C373&ref=nb_sb_ss_i_1_6,"Mccain Harvest Splendor Ridge Wedge Sweet Potato, 2.5 Pound -- 6 per case.",https://www.amazon.com/Mccain-Harvest-Splendor-Ridge-Potato/dp/B00B046CY8/ref=sr_1_36?crid=1NWSH2KASS4HN&keywords=mccain+foods&qid=1580712734&sprefix=mccain%2Caps%2C373&sr=8-36,"Mccain Harvest Splendor Ridge Wedge Sweet Potato, 2.5 Pound -- 6 per case.",null,McCain,null,null,null,,0
1580712742-1,https://www.amazon.com/s?k=mccain+foods&crid=1NWSH2KASS4HN&sprefix=mccain%2Caps%2C373&ref=nb_sb_ss_i_1_6,Borrego Moon: Love on the Faultline - Book 1 (Volume 1),https://www.amazon.com/Borrego-Moon-Love-Faultline-Book/dp/0999671464/ref=sr_1_49?crid=1NWSH2KASS4HN&keywords=mccain+foods&qid=1580712734&sprefix=mccain%2Caps%2C373&sr=8-49,Borrego Moon: Love on the Faultline - Book 1 (Volume 1),12 ratings,null,null,4.9 out of 5 stars,See all 12 customer reviews,https://www.amazon.com/Borrego-Moon-Love-Faultline-Book/product-reviews/0999671464/ref=cm_cr_dp_d_show_all_btm?ie=UTF8&reviewerType=all_reviews,12
1580712761-6,https://www.amazon.com/s?k=mccain+foods&crid=1NWSH2KASS4HN&sprefix=mccain%2Caps%2C373&ref=nb_sb_ss_i_1_6,"McCain Brew City Wide Mouth Waffle Cut French Fry, 4 Pound -- 6 per case.",https://www.amazon.com/McCain-Mouth-Waffle-French-Pound/dp/B00B043Q9C/ref=sr_1_44?crid=1NWSH2KASS4HN&keywords=mccain+foods&qid=1580712734&sprefix=mccain%2Caps%2C373&sr=8-44,"McCain Brew City Wide Mouth Waffle Cut French Fry, 4 Pound -- 6 per case.",null,McCain,null,null,null,,0
1580712754-4,https://www.amazon.com/s?k=mccain+foods&crid=1NWSH2KASS4HN&sprefix=mccain%2Caps%2C373&ref=nb_sb_ss_i_1_6,"McCain Anchor Wrappetizers Sante Fe Brand Chicken Egg Roll - Appetizer, 15 Pound -- 1 each.",https://www.amazon.com/McCain-Anchor-Wrappetizers-Sante-Chicken/dp/B073XZVSQP/ref=sr_1_46?crid=1NWSH2KASS4HN&keywords=mccain+foods&qid=1580712734&sprefix=mccain%2Caps%2C373&sr=8-46,"McCain Anchor Wrappetizers Sante Fe Brand Chicken Egg Roll - Appetizer, 15 Pound -- 1 each.",null,McCain,null,null,null,,0
1580712877-37,https://www.amazon.com/s?k=mccain+foods&crid=1NWSH2KASS4HN&sprefix=mccain%2Caps%2C373&ref=nb_sb_ss_i_1_6,From the Ground Up: The First Fifty Years of McCain Foods,https://www.amazon.com/Ground-Up-First-Fifty-McCain/dp/097837200X/ref=sr_1_12?crid=1NWSH2KASS4HN&keywords=mccain+foods&qid=1580712734&sprefix=mccain%2Caps%2C373&sr=8-12,From the Ground Up: The First Fifty Years of McCain Foods,1 rating,null,null,5.0 out of 5 stars,See more recommendations,https://www.amazon.com/gp/profile/follow/recommendations/?ref_=dbs_p_pbk_r00_abau_000000,0
1580712772-9,https://www.amazon.com/s?k=mccain+foods&crid=1NWSH2KASS4HN&sprefix=mccain%2Caps%2C373&ref=nb_sb_ss_i_1_6,"McCain Moores Breaded Onion Ring, 2 Pound -- 12 per case.",https://www.amazon.com/McCain-Moores-Breaded-Onion-Pound/dp/B00B04C85U/ref=sr_1_41?crid=1NWSH2KASS4HN&keywords=mccain+foods&qid=1580712734&sprefix=mccain%2Caps%2C373&sr=8-41,"McCain Moores Breaded Onion Ring, 2 Pound -- 12 per case.",null,McCain,null,null,null,,0
1580712867-34,https://www.amazon.com/s?k=mccain+foods&crid=1NWSH2KASS4HN&sprefix=mccain%2Caps%2C373&ref=nb_sb_ss_i_1_6,"McCain Golden Crisp Fryersaver Battered Whole Mushroom - Appetizer, 2 Pound -- 6 per case.",https://www.amazon.com/McCain-Golden-Fryersaver-Battered-Mushroom/dp/B073XZTLS5/ref=sr_1_15?crid=1NWSH2KASS4HN&keywords=mccain+foods&qid=1580712734&sprefix=mccain%2Caps%2C373&sr=8-15,"McCain Golden Crisp Fryersaver Battered Whole Mushroom - Appetizer, 2 Pound -- 6 per case.",null,McCain,null,null,null,,0
